path,likesCount
,0
,0
,0
,0
,0
,1
,1
,1
,3
,3
,6
,82
,1935
,8197
,8198
,8294
,8294
,8458
,8458
,9073
,12930
,15572
,15572
,18099
,23697
,23805
,24131
,24657
,24657
,25775
,27454
,28047
,28047
,32569
,38920
,45075
,45075
,49617
,51673
,66354
,68241
,70271
,70271
,70621
,76903
,80670
,80670
,83996
,83996
,110010
,110011
,110548
,114015
,115506
,120167
,150706
,150708
,172963
,186723
,190336
,190336
,199726
,221970
,222880
,222880
,267660
,282896
,282899
,284761
,284761
,331484
,345166
,345168
,379099
,413130
,420233
,420234
,440003
,448500
,448500
,547829
,547829
,612469
,612472
,639917
,719088
,1176491
,1176491
,1228956
,1228956
,1257544
,1379461
,1446799
,1446799
,1744101
,1771246
,2915208
,5924576
,16046526
